name,movieId
Toy Story,1
Jumanji,2
Grumpier Old Men,3
Waiting to Exhale,4
Father of the Bride Part II,5
Heat,6
Sabrina,7
Tom and Huck,8
Sudden Death,9
GoldenEye,10
"American President, The",11
Dracula: Dead and Loving It,12
Balto,13
Nixon,14
Cutthroat Island,15
Casino,16
Sense and Sensibility,17
Four Rooms,18
Ace Ventura: When Nature Calls,19
Money Train,20
Get Shorty,21
Copycat,22
Assassins,23
Powder,24
Leaving Las Vegas,25
Othello,26
Now and Then,27
Persuasion,28
"City of Lost Children, The",29
Shanghai Triad,30
Dangerous Minds,31
Twelve Monkeys,32
Wings of Courage,33
Babe,34
Carrington,35
Dead Man Walking,36
Across the Sea of Time,37
It Takes Two,38
Clueless,39
"Cry, the Beloved Country",40
Richard III,41
Dead Presidents,42
Restoration,43
Mortal Kombat,44
To Die For,45
How to Make an American Quilt,46
Seven,47
Pocahontas,48
When Night Is Falling,49
"Usual Suspects, The",50
Guardian Angel,51
Mighty Aphrodite,52
Lamerica,53
"Big Green, The",54
Georgia,55
Kids of the Round Table,56
Home for the Holidays,57
"Postman, The",58
"Confessional, The",59
"Indian in the Cupboard, The",60
Eye for an Eye,61
Mr. Holland's Opus,62
Don't Be a Menace to South Central While Drinking Your Juice in the Hood,63
Two if by Sea,64
Bio-Dome,65
Lawnmower Man 2: Beyond Cyberspace,66
Two Bits,67
French Twist,68
Friday,69
From Dusk Till Dawn,70
Fair Game,71
Kicking and Screaming,72
"Misérables, Les",73
Bed of Roses,74
Big Bully,75
Screamers,76
Nico Icon,77
"Crossing Guard, The",78
"Juror, The",79
"White Balloon, The",80
Things to Do in Denver When You're Dead,81
Antonia's Line,82
Once Upon a Time... When We Were Colored,83
Last Summer in the Hamptons,84
Angels and Insects,85
White Squall,86
Dunston Checks In,87
Black Sheep,88
Nick of Time,89
The Journey of August King,90
Mary Reilly,92
Vampire in Brooklyn,93
Beautiful Girls,94
Broken Arrow,95
In the Bleak Midwinter,96
Hate,97
Shopping,98
Heidi Fleiss: Hollywood Madam,99
City Hall,100
Bottle Rocket,101
Mr. Wrong,102
Unforgettable,103
Happy Gilmore,104
"Bridges of Madison County, The",105
Nobody Loves Me,106
Muppet Treasure Island,107
Catwalk,108
Headless Body in Topless Bar,109
Braveheart,110
Taxi Driver,111
Rumble in the Bronx,112
Before and After,113
Margaret's Museum,114
Happiness Is in the Field,115
Anne Frank Remembered,116
"Young Poisoner's Handbook, The",117
If Lucy Fell,118
"Steal Big, Steal Little",119
Race the Sun,120
"Boys of St. Vincent, The",121
Boomerang,122
Chungking Express,123
"Star Maker, The",124
Flirting With Disaster,125
"NeverEnding Story III, The",126
"Silences of the Palace, The",127
Jupiter's Wife,128
Pie in the Sky,129
Angela,130
Frankie Starlight,131
Jade,132
Nueba Yol,133
Sonic Outlaws,134
Down Periscope,135
From the Journals of Jean Seberg,136
Man of the Year,137
"Neon Bible, The",138
Target,139
Up Close and Personal,140
"Birdcage, The",141
Shadows,142
Gospa,143
"Brothers McMullen, The",144
Bad Boys,145
"Amazing Panda Adventure, The",146
"Basketball Diaries, The",147
"Awfully Big Adventure, An",148
Amateur,149
Apollo 13,150
Rob Roy,151
"Addiction, The",152
Batman Forever,153
Beauty of the Day,154
Beyond Rangoon,155
Blue in the Face,156
Canadian Bacon,157
Casper,158
Clockers,159
Congo,160
Crimson Tide,161
Crumb,162
Desperado,163
Devil in a Blue Dress,164
Die Hard: With a Vengeance,165
"Doom Generation, The",166
Feast of July,167
First Knight,168
Free Willy 2: The Adventure Home,169
Hackers,170
Jeffrey,171
Johnny Mnemonic,172
Judge Dredd,173
Jury Duty,174
Kids,175
Living in Oblivion,176
Lord of Illusions,177
Love & Human Remains,178
Mad Love,179
Mallrats,180
Mighty Morphin Power Rangers: The Movie,181
Moonlight and Valentino,182
Mute Witness,183
Nadja,184
"Net, The",185
Nine Months,186
Party Girl,187
"Prophecy, The",188
Reckless,189
Safe,190
"Scarlet Letter, The",191
The Show,192
Showgirls,193
Smoke,194
Something to Talk About,195
Species,196
"Stars Fell on Henrietta, The",197
Strange Days,198
"Umbrellas of Cherbourg, The",199
"Tie That Binds, The",200
Three Wishes,201
Total Eclipse,202
"To Wong Foo, Thanks for Everything! Julie Newmar",203
Under Siege 2: Dark Territory,204
Unstrung Heroes,205
Unzipped,206
"Walk in the Clouds, A",207
Waterworld,208
White Man's Burden,209
Wild Bill,210
"Browning Version, The",211
Bushwhacked,212
Burnt by the Sun,213
Before the Rain,214
Before Sunrise,215
Billy Madison,216
"Babysitter, The",217
Boys on the Side,218
"Cure, The",219
Castle Freak,220
Circle of Friends,222
Clerks,223
Don Juan DeMarco,224
Disclosure,225
Dream Man,226
Drop Zone,227
Destiny Turns on the Radio,228
Death and the Maiden,229
Dolores Claiborne,230
Dumb & Dumber,231
Eat Drink Man Woman,232
Exotica,233
Exit to Eden,234
Ed Wood,235
French Kiss,236
Forget Paris,237
Far From Home: The Adventures of Yellow Dog,238
"Goofy Movie, A",239
Hideaway,240
Fluke,241
Farinelli: il castrato,242
Gordy,243
Gumby: The Movie,244
The Glass Shield,245
Hoop Dreams,246
Heavenly Creatures,247
Houseguest,248
Immortal Beloved,249
Heavyweights,250
"Hunted, The",251
I.Q.,252
Interview with the Vampire: The Vampire Chronicles,253
Jefferson in Paris,254
"Jerky Boys, The",255
Junior,256
Just Cause,257
"Kid in King Arthur's Court, A",258
Kiss of Death,259
Star Wars: Episode IV - A New Hope,260
Little Women,261
"Little Princess, A",262
Ladybird Ladybird,263
"Enfer, L'",264
Like Water for Chocolate,265
Legends of the Fall,266
Major Payne,267
Little Odessa,268
My Crazy Life,269
Love Affair,270
Losing Isaiah,271
"Madness of King George, The",272
Mary Shelley's Frankenstein,273
Man of the House,274
Mixed Nuts,275
Milk Money,276
Miracle on 34th Street,277
Miami Rhapsody,278
My Family,279
Murder in the First,280
Nobody's Fool,281
Nell,282
New Jersey Drive,283
New York Cop,284
Beyond Bedlam,285
Nemesis 2: Nebula,286
Nina Takes a Lover,287
Natural Born Killers,288
Only You,289
Once Were Warriors,290
Outbreak,292
Léon: The Professional,293
"Perez Family, The",294
"Pyromaniac's Love Story, A",295
Pulp Fiction,296
Panther,297
Pushing Hands,298
Priest,299
Quiz Show,300
Picture Bride,301
Queen Margot,302
"Quick and the Dead, The",303
Roommates,304
Ready to Wear,305
Three Colors: Red,306
Three Colors: Blue,307
Three Colors: White,308
"Red Firecracker, Green Firecracker",309
Rent-a-Kid,310
Relative Fear,311
Stuart Saves His Family,312
"Swan Princess, The",313
"Secret of Roan Inish, The",314
"Specialist, The",315
Stargate,316
"Santa Clause, The",317
"Shawshank Redemption, The",318
Shallow Grave,319
Suture,320
Strawberry and Chocolate,321
Swimming with Sharks,322
"Sum of Us, The",324
National Lampoon's Senior Trip,325
To Live,326
Tank Girl,327
Tales from the Crypt Presents: Demon Knight,328
Star Trek: Generations,329
Tales from the Hood,330
Tom & Viv,331
Village of the Damned,332
Tommy Boy,333
Vanya on 42nd Street,334
Underneath,335
"Walking Dead, The",336
What's Eating Gilbert Grape,337
Virtuosity,338
While You Were Sleeping,339
"War, The",340
Double Happiness,341
Muriel's Wedding,342
"Baby-Sitters Club, The",343
Ace Ventura: Pet Detective,344
"Adventures of Priscilla, Queen of the Desert, The",345
Backbeat,346
Bitter Moon,347
Bullets Over Broadway,348
Clear and Present Danger,349
"Client, The",350
"Corrina, Corrina",351
Crooklyn,352
"Crow, The",353
Cobb,354
"Flintstones, The",355
Forrest Gump,356
Four Weddings and a Funeral,357
Higher Learning,358
I Like It Like That,359
I Love Trouble,360
It Could Happen to You,361
"Jungle Book, The",362
"Wonderful, Horrible Life of Leni Riefenstahl, The",363
"Lion King, The",364
Little Buddha,365
Wes Craven's New Nightmare,366
"Mask, The",367
Maverick,368
Mrs. Parker and the Vicious Circle,369
Naked Gun 33 1/3: The Final Insult,370
"Paper, The",371
Reality Bites,372
Red Rock West,373
Richie Rich,374
Safe Passage,375
"River Wild, The",376
Speed,377
Speechless,378
Timecop,379
True Lies,380
When a Man Loves a Woman,381
Wolf,382
Wyatt Earp,383
Bad Company,384
"Man of No Importance, A",385
S.F.W.,386
"Low Down Dirty Shame, A",387
Boys Life,388
"Colonel Chabert, Le",389
Faster Pussycat! Kill! Kill!,390
Jason's Lyric,391
"Secret Adventures of Tom Thumb, The",392
Street Fighter,393
Coldblooded,394
Desert Winds,395
Fall Time,396
"Fear, The",397
Frank and Ollie,398
Girl in the Cadillac,399
Homage,400
Mirage,401
Open Season,402
Two Crimes,403
Brother Minister: The Assassination of Malcolm X,404
Highlander III: The Sorcerer,405
Federal Hill,406
In the Mouth of Madness,407
8 Seconds,408
Above the Rim,409
Addams Family Values,410
Martin Lawrence: You So Crazy,411
"Age of Innocence, The",412
Airheads,413
"Air Up There, The",414
Another Stakeout,415
Bad Girls,416
Barcelona,417
Being Human,418
"Beverly Hillbillies, The",419
Beverly Hills Cop III,420
Black Beauty,421
Blink,422
Blown Away,423
Blue Chips,424
Blue Sky,425
Body Snatchers,426
Boxing Helena,427
"Bronx Tale, A",428
Cabin Boy,429
Calendar Girl,430
Carlito's Way,431
City Slickers II: The Legend of Curly's Gold,432
Clean Slate,433
Cliffhanger,434
Coneheads,435
Color of Night,436
Cops and Robbersons,437
"Cowboy Way, The",438
Dangerous Game,439
Dave,440
Dazed and Confused,441
Demolition Man,442
"Endless Summer 2, The",443
Even Cowgirls Get the Blues,444
Fatal Instinct,445
Farewell My Concubine,446
"Favor, The",447
Fearless,448
Fear of a Black Hat,449
With Honors,450
Flesh and Bone,451
Widows' Peak,452
For Love or Money,453
"Firm, The",454
Free Willy,455
Fresh,456
"Fugitive, The",457
Geronimo: An American Legend,458
"Getaway, The",459
Getting Even with Dad,460
Go Fish,461
"Good Man in Africa, A",462
Guilty as Sin,463
Hard Target,464
Heaven & Earth,465
Hot Shots! Part Deux,466
Live Nude Girls,467
"Englishman Who Went Up a Hill But Came Down a Mountain, The",468
"House of the Spirits, The",469
House Party 3,470
"Hudsucker Proxy, The",471
I'll Do Anything,472
In the Army Now,473
In the Line of Fire,474
In the Name of the Father,475
"Inkwell, The",476
What's Love Got to Do with It?,477
Jimmy Hollywood,478
Judgment Night,479
Jurassic Park,480
Kalifornia,481
Killing Zoe,482
King of the Hill,483
Lassie,484
Last Action Hero,485
Life with Mikey,486
Lightning Jack,487
M. Butterfly,488
Made in America,489
Malice,490
"Man Without a Face, The",491
Manhattan Murder Mystery,492
Menace II Society,493
Executive Decision,494
In the Realm of the Senses,495
What Happened Was...,496
Much Ado About Nothing,497
Mr. Jones,498
Mr. Wonderful,499
Mrs. Doubtfire,500
Naked,501
"Next Karate Kid, The",502
"New Age, The",503
No Escape,504
North,505
Orlando,506
"Perfect World, A",507
Philadelphia,508
"Piano, The",509
Poetic Justice,510
"Program, The",511
"Puppet Masters, The",512
Radioland Murders,513
"Ref, The",514
"Remains of the Day, The",515
Renaissance Man,516
Rising Sun,517
"Road to Wellville, The",518
RoboCop 3,519
Robin Hood: Men in Tights,520
Romeo Is Bleeding,521
Romper Stomper,522
Ruby in Paradise,523
Rudy,524
"Saint of Fort Washington, The",525
Savage Nights,526
Schindler's List,527
"Scout, The",528
Searching for Bobby Fischer,529
Second Best,530
"Secret Garden, The",531
Serial Mom,532
"Shadow, The",533
Shadowlands,534
Short Cuts,535
"Simple Twist of Fate, A",536
Sirens,537
Six Degrees of Separation,538
Sleepless in Seattle,539
Sliver,540
Blade Runner,541
Son in Law,542
So I Married an Axe Murderer,543
Striking Distance,544
Super Mario Bros.,546
Surviving the Game,547
Terminal Velocity,548
Thirty-Two Short Films About Glenn Gould,549
Threesome,550
"Nightmare Before Christmas, The",551
"Three Musketeers, The",552
Tombstone,553
Trial by Jury,554
True Romance,555
"War Room, The",556
"Pagemaster, The",558
"Paris, France",559
"Beans of Egypt, Maine, The",560
Killer,561
Welcome to the Dollhouse,562
Germinal,563
Chasers,564
Cronos,565
Naked in New York,566
Kika,567
Bhaji on the Beach,568
Little Big League,569
"Slingshot, The",570
"Wedding Gift, The",571
Foreign Student,572
"Ciao, Professore!",573
Spanking the Monkey,574
"Little Rascals, The",575
Fausto,576
Andre,577
"Escort, The",579
Princess Caraboo,580
"Celluloid Closet, The",581
Métisse,582
Dear Diary,583
I Don't Want to Talk About It,584
"Brady Bunch Movie, The",585
Home Alone,586
Ghost,587
Aladdin,588
Terminator 2: Judgment Day,589
Dances with Wolves,590
Tough and Deadly,591
Batman,592
"Silence of the Lambs, The",593
Snow White and the Seven Dwarfs,594
Beauty and the Beast,595
Pinocchio,596
Pretty Woman,597
Window to Paris,598
"Wild Bunch, The",599
Love and a .45,600
"Wooden Man's Bride, The",601
"Great Day in Harlem, A",602
"Bye Bye, Love",603
Criminals,604
One Fine Day,605
Candyman: Farewell to the Flesh,606
Century,607
Fargo,608
Homeward Bound II: Lost in San Francisco,609
Heavy Metal,610
Hellraiser: Bloodline,611
"Pallbearer, The",612
Jane Eyre,613
Loaded,614
Bread and Chocolate,615
"Aristocats, The",616
"Flower of My Secret, The",617
Two Much,618
Ed,619
Scream of Stone,620
My Favorite Season,621
"Modern Affair, A",623
Asfour Stah,625
"Thin Line Between Love and Hate, A",626
"Last Supper, The",627
Primal Fear,628
Rude,629
Carried Away,630
All Dogs Go to Heaven 2,631
Land and Freedom,632
Denise Calls Up,633
Theodore Rex,634
"Family Thing, A",635
Frisk,636
Sgt. Bilko,637
Jack and Sarah,638
Girl 6,639
Diabolique,640
"Little Indian, Big City",641
Roula,642
Peanuts - Die Bank zahlt alles,643
Happy Weekend,644
Nelly & Monsieur Arnaud,645
Courage Under Fire,647
Mission: Impossible,648
Cold Fever,649
Moll Flanders,650
"Superweib, Das",651
"301, 302",652
Dragonheart,653
And Nobody Weeps for Me,654
My Mother's Courage,655
Eddie,656
Yankee Zulu,657
Billy's Holiday,658
Purple Noon,659
August,660
James and the Giant Peach,661
Fear,662
Kids in the Hall: Brain Candy,663
Faithful,664
Underground,665
All Things Fair,666
Bloodsport 2,667
Song of the Little Road,668
"World of Apu, The",670
Mystery Science Theater 3000: The Movie,671
Tarantella,672
Space Jam,673
Barbarella,674
Hostile Intentions,675
They Bite,676
Some Folks Call It a Sling Blade,678
"Run of the Country, The",679
Alphaville,680
Coup de torchon,681
Tigrero: A Film That Was Never Made,682
"Eye of Vichy, The",683
Windows,684
It's My Party,685
Country Life,687
Operation Dumbo Drop,688
"Promise, The",690
Mrs. Winterbourne,691
Solo,692
Under the Domim Tree,693
"Substitute, The",694
True Crime,695
Butterfly Kiss,696
Feeling Minnesota,697
Delta of Venus,698
To Cross the Rubicon,699
Angus,700
Daens,701
Faces,702
Boys,703
"Quest, The",704
Cosi,705
Sunset Park,706
Mulholland Falls,707
"Truth About Cats & Dogs, The",708
Oliver & Company,709
Celtic Pride,710
Flipper,711
Captives,712
Of Love and Shadows,713
Dead Man,714
"Horseman on the Roof, The",715
Switchblade Sisters,716
Mouth to Mouth,717
"Visitors, The",718
Multiplicity,719
Wallace & Gromit: The Best of Aardman Animation,720
Halfmoon,721
"Haunted World of Edward D. Wood Jr., The",722
Two Friends,723
"Craft, The",724
"Great White Hype, The",725
Last Dance,726
War Stories,727
Cold Comfort Farm,728
"Institute Benjamenta, or This Dream People Call Human Life",729
Low Life,730
Heaven's Prisoners,731
Original Gangstas,732
"Rock, The",733
Getting Away With Murder,734
Cemetery Man,735
Twister,736
Barb Wire,737
"Garçu, Le",738
Honey Moon,739
Ghost in the Shell,741
Thinner,742
Spy Hard,743
Brothers in Trouble,744
Wallace & Gromit: A Close Shave,745
Force of Evil,746
"Stupids, The",747
"Arrival, The",748
"Man from Down Under, The",749
Dr. Strangelove or: How I Learned to Stop Worrying and Love the Bomb,750
Careful,751
Vermont Is For Lovers,752
"Month by the Lake, A",753
Gold Diggers: The Secret of Bear Mountain,754
Kim,755
Carmen Miranda: Bananas Is My Business,756
Ashes of Time,757
"Jar, The",758
Maya Lin: A Strong Clear Vision,759
Stalingrad,760
"Phantom, The",761
Striptease,762
"Last of the High Kings, The",763
Heavy,764
Jack,765
I Shot Andy Warhol,766
"Grass Harp, The",767
Someone Else's America,768
Marlene Dietrich: Shadow and Light,769
Costa Brava,770
Life Is Rosy,771
Quartier Mozart,772
Touki Bouki,773
Wend Kuuni,774
Spirits of the Dead,775
Babyfever,776
Pharaoh's Army,777
Trainspotting,778
'Til There Was You,779
Independence Day,780
Stealing Beauty,781
"Fan, The",782
"Hunchback of Notre Dame, The",783
"Cable Guy, The",784
Kingpin,785
Eraser,786
"Gate of Heavenly Peace, The",787
"Nutty Professor, The",788
"I, the Worst of All",789
"Unforgettable Summer, An",790
"Last Klezmer: Leopold Kozlowski, His Life and Music, The",791
"Hungarian Fairy Tale, A",792
My Life and Times With Antonin Artaud,793
Midnight Dancers,794
Somebody to Love,795
"Very Natural Thing, A",796
"Old Lady Who Walked in the Sea, The",797
Daylight,798
"Frighteners, The",799
Lone Star,800
Harriet the Spy,801
Phenomenon,802
Walking and Talking,803
She's the One,804
"Time to Kill, A",805
American Buffalo,806
Rendezvous in Paris,807
Alaska,808
Fled,809
Kazaam,810
Magic Hunter,812
Larger Than Life,813
"Boy Called Hate, A",814
Power 98,815
Two Deaths,816
"Very Brady Sequel, A",818
Stefano Quantestorie,819
Death in the Garden,820
"Crude Oasis, The",821
Hedd Wyn,822
"Collector, The",823
Kaspar Hauser,824
Regular Guys,825
Women Robbers,826
"Convent, The",827
"Adventures of Pinocchio, The",828
Joe's Apartment,829
"First Wives Club, The",830
Stonewall,831
Ransom,832
High School High,833
Phat Beach,834
Foxfire,835
Chain Reaction,836
Matilda,837
Emma,838
"Crow: City of Angels, The",839
House Arrest,840
Eyes Without a Face,841
Tales from the Crypt Presents: Bordello of Blood,842
Lotto Land,843
"Story of Xinghua, The",844
"Day the Sun Turned Cold, The",845
Flirt,846
"Big Squeeze, The",847
"Spitfire Grill, The",848
Escape from L.A.,849
Cyclo,850
Basquiat,851
Tin Cup,852
Dingo,853
"Ballad of Narayama, The",854
Every Other Weekend,855
Mille bolle blu,856
Crows and Sparrows,857
"Godfather, The",858
"Hippie Revolution, The",859
"Maybe, Maybe Not",860
Supercop,861
Manny & Lo,862
"Wife, The",864
Small Faces,865
Bound,866
Carpool,867
Death in Brunswick,868
Kansas City,869
Gone Fishin',870
Lover's Knot,871
Vive L'Amour,872
Shadow of Angels,873
Killer: A Journal of Murder,874
Nothing to Lose,875
Supercop 2,876
Girls Town,877
Bye-Bye,878
"Relic, The",879
"Island of Dr. Moreau, The",880
First Kid,881
"Trigger Effect, The",882
Sweet Nothing,884
Bogus,885
Bulletproof,886
Talk of Angels,887
1-900,889
Baton Rouge,890
Halloween: The Curse of Michael Myers,891
Twelfth Night,892
Mother Night,893
Liebelei,894
Venice/Venice,895
Wild Reeds,896
For Whom the Bell Tolls,897
"Philadelphia Story, The",898
Singin' in the Rain,899
"American in Paris, An",900
Funny Face,901
Breakfast at Tiffany's,902
Vertigo,903
Rear Window,904
It Happened One Night,905
Gaslight,906
"Gay Divorcee, The",907
North by Northwest,908
"Apartment, The",909
Some Like It Hot,910
Charade,911
Casablanca,912
"Maltese Falcon, The",913
My Fair Lady,914
Sabrina,915
Roman Holiday,916
"Little Princess, The",917
Meet Me in St. Louis,918
"Wizard of Oz, The",919
Gone with the Wind,920
My Favorite Year,921
Sunset Blvd.,922
Citizen Kane,923
2001: A Space Odyssey,924
Golden Earrings,925
All About Eve,926
"Women, The",927
Rebecca,928
Foreign Correspondent,929
Notorious,930
Spellbound,931
"Affair to Remember, An",932
To Catch a Thief,933
Father of the Bride,934
"Band Wagon, The",935
Ninotchka,936
Love in the Afternoon,937
Gigi,938
"Reluctant Debutante, The",939
"Adventures of Robin Hood, The",940
"Mark of Zorro, The",941
Laura,942
"Ghost and Mrs. Muir, The",943
Lost Horizon,944
Top Hat,945
To Be or Not to Be,946
My Man Godfrey,947
Giant,948
East of Eden,949
"Thin Man, The",950
His Girl Friday,951
Around the World in 80 Days,952
It's a Wonderful Life,953
Mr. Smith Goes to Washington,954
Bringing Up Baby,955
Penny Serenade,956
"Scarlet Letter, The",957
Lady of Burlesque,958
Of Human Bondage,959
Angel on My Shoulder,960
Little Lord Fauntleroy,961
They Made Me a Criminal,962
"Inspector General, The",963
Angel and the Badman,964
"39 Steps, The",965
A Walk in the Sun,966
"Outlaw, The",967
Night of the Living Dead,968
"African Queen, The",969
Beat the Devil,970
Cat on a Hot Tin Roof,971
"Last Time I Saw Paris, The",972
Meet John Doe,973
Algiers,974
Something to Sing About,975
"Farewell to Arms, A",976
Moonlight Murder,977
Nothing Personal,979
"Yes, Madam",980
Dangerous Ground,981
Picnic,982
Madagascar Skin,983
"Pompatus of Love, The",984
Small Wonders,985
Fly Away Home,986
Bliss,987
Grace of My Heart,988
Brother of Sleep,989
Maximum Risk,990
Michael Collins,991
"Rich Man's Wife, The",992
Infinity,993
Big Night,994
Last Man Standing,996
Caught,997
Set It Off,998
2 Days in the Valley,999
Curdled,1000
"Associate, The",1001
Ed's Next Move,1002
Extreme Measures,1003
"Glimmer Man, The",1004
D3: The Mighty Ducks,1005
"Chamber, The",1006
"Apple Dumpling Gang, The",1007
"Davy Crockett, King of the Wild Frontier",1008
Escape to Witch Mountain,1009
"Love Bug, The",1010
Herbie Rides Again,1011
Old Yeller,1012
"Parent Trap, The",1013
Pollyanna,1014
Homeward Bound: The Incredible Journey,1015
"Shaggy Dog, The",1016
Swiss Family Robinson,1017
That Darn Cat!,1018
"20,000 Leagues Under the Sea",1019
Cool Runnings,1020
Angels in the Outfield,1021
Cinderella,1022
Winnie the Pooh and the Blustery Day,1023
"Three Caballeros, The",1024
"Sword in the Stone, The",1025
So Dear to My Heart,1026
Robin Hood: Prince of Thieves,1027
Mary Poppins,1028
Dumbo,1029
Pete's Dragon,1030
Bedknobs and Broomsticks,1031
Alice in Wonderland,1032
"Fox and the Hound, The",1033
Freeway,1034
"Sound of Music, The",1035
Die Hard,1036
"Lawnmower Man, The",1037
Unhook the Stars,1038
Synthetic Pleasures,1039
"Secret Agent, The",1040
Secrets & Lies,1041
That Thing You Do!,1042
To Gillian on Her 37th Birthday,1043
Surviving Picasso,1044
Love Is All There Is,1045
Beautiful Thing,1046
"Long Kiss Goodnight, The",1047
"Ghost and the Darkness, The",1049
Looking for Richard,1050
Trees Lounge,1051
"Proprietor, The",1052
Normal Life,1053
Get on the Bus,1054
Shadow Conspiracy,1055
Jude,1056
Everyone Says I Love You,1057
Bitter Sugar,1058
William Shakespeare's Romeo + Juliet,1059
Swingers,1060
Sleepers,1061
"Sunchaser, The",1062
Johns,1063
Five Angles on Murder,1065
Shall We Dance,1066
"Damsel in Distress, A",1067
Crossfire,1068
"Murder, My Sweet",1069
Macao,1070
For the Moment,1071
Willy Wonka & the Chocolate Factory,1073
"Sexual Life of the Belgians, The",1075
"Innocents, The",1076
Sleeper,1077
Bananas,1078
"Fish Called Wanda, A",1079
Monty Python's Life of Brian,1080
Victor/Victoria,1081
"Candidate, The",1082
"Great Race, The",1083
Bonnie and Clyde,1084
"Old Man and the Sea, The",1085
Dial M for Murder,1086
Madame Butterfly,1087
Dirty Dancing,1088
Reservoir Dogs,1089
Platoon,1090
Weekend at Bernie's,1091
Basic Instinct,1092
"Doors, The",1093
"Crying Game, The",1094
Glengarry Glen Ross,1095
Sophie's Choice,1096
E.T. the Extra-Terrestrial,1097
"Search for One-eye Jimmy, The",1098
"Christmas Carol, A",1099
Days of Thunder,1100
Top Gun,1101
American Strays,1102
Rebel Without a Cause,1103
"Streetcar Named Desire, A",1104
Children of the Corn IV: The Gathering,1105
"Leopard Son, The",1106
Loser,1107
Charm's Incidents,1109
Bird of Prey,1110
Microcosmos,1111
Palookaville,1112
"Associate, The",1113
"Funeral, The",1114
Sleepover,1115
"Single Girl, A",1116
"Eighth Day, The",1117
North Star,1118
Drunks,1119
"People vs. Larry Flynt, The",1120
Glory Daze,1121
Plutonium Circus,1122
"Perfect Candidate, A",1123
On Golden Pond,1124
"Return of the Pink Panther, The",1125
Drop Dead Fred,1126
"Abyss, The",1127
"Fog, The",1128
Escape from New York,1129
"Howling, The",1130
Jean de Florette,1131
Manon of the Spring,1132
Talking About Sex,1133
Johnny 100 Pesos,1134
Private Benjamin,1135
Monty Python and the Holy Grail,1136
Hustler White,1137
Dadetown,1138
Everything Relative,1139
Entertaining Angels: The Dorothy Day Story,1140
Last Call,1141
Get Over It,1142
Three Lives and Only One Death,1143
"Line King: The Al Hirschfeld Story, The",1144
Snowriders,1145
Curtis's Charm,1146
When We Were Kings,1147
Wallace & Gromit: The Wrong Trousers,1148
JLG/JLG,1149
"Return of Martin Guerre, The",1150
Lesson Faust,1151
He Walked by Night,1152
Raw Deal,1153
T-Men,1154
"Invitation, The",1155
"Children Are Watching Us, The",1156
"Symphonie pastorale, La",1157
Here Comes Cookie,1158
Love in Bloom,1159
Six of a Kind,1160
"Tin Drum, The",1161
"Ruling Class, The",1162
Mina Tannenbaum,1163
2 ou 3 choses que je sais d'elle,1164
"Bloody Child, The",1165
Farmer & Chase,1166
Dear God,1167
Bad Moon,1168
American Dream,1169
Best of the Best 3: No Turning Back,1170
Bob Roberts,1171
Cinema Paradiso,1172
"Cook the Thief His Wife & Her Lover, The",1173
Dead Tired,1174
Delicatessen,1175
"Double Life of Veronique, The",1176
Enchanted April,1177
Paths of Glory,1178
"Grifters, The",1179
Hear My Song,1180
"Shooter, The",1181
"English Patient, The",1183
Mediterraneo,1184
My Left Foot,1185
"Sex, Lies, and Videotape",1186
Passion Fish,1187
Strictly Ballroom,1188
"Thin Blue Line, The",1189
Tie Me Up! Tie Me Down!,1190
Madonna: Truth or Dare,1191
Paris Is Burning,1192
One Flew Over the Cuckoo's Nest,1193
Cheech and Chong's Up in Smoke,1194
Star Wars: Episode V - The Empire Strikes Back,1196
"Princess Bride, The",1197
Raiders of the Lost Ark,1198
Brazil,1199
Aliens,1200
"Good, the Bad and the Ugly, The",1201
Withnail & I,1202
12 Angry Men,1203
Lawrence of Arabia,1204
"Clockwork Orange, A",1206
To Kill a Mockingbird,1207
Apocalypse Now,1208
Once Upon a Time in the West,1209
Star Wars: Episode VI - Return of the Jedi,1210
Wings of Desire,1211
"Third Man, The",1212
Goodfellas,1213
Alien,1214
Army of Darkness,1215
"Big Blue, The",1216
Ran,1217
"Killer, The",1218
Psycho,1219
"Blues Brothers, The",1220
"Godfather: Part II, The",1221
Full Metal Jacket,1222
"Grand Day Out with Wallace and Gromit, A",1223
Henry V,1224
Amadeus,1225
"Quiet Man, The",1226
Once Upon a Time in America,1227
Raging Bull,1228
Annie Hall,1230
"Right Stuff, The",1231
Stalker,1232
"Boot, Das",1233
"Sting, The",1234
Harold and Maude,1235
Trust,1236
"Seventh Seal, The",1237
Local Hero,1238
"Terminator, The",1240
Dead Alive,1241
Glory,1242
Rosencrantz and Guildenstern Are Dead,1243
Manhattan,1244
Miller's Crossing,1245
Dead Poets Society,1246
"Graduate, The",1247
Touch of Evil,1248
"Femme Nikita, La",1249
"Bridge on the River Kwai, The",1250
8 1/2,1251
Chinatown,1252
"Day the Earth Stood Still, The",1253
"Treasure of the Sierra Madre, The",1254
Bad Taste,1255
Duck Soup,1256
Better Off Dead...,1257
"Shining, The",1258
Stand by Me,1259
M,1260
Evil Dead II,1261
"Great Escape, The",1262
"Deer Hunter, The",1263
Diva,1264
Groundhog Day,1265
Unforgiven,1266
"Manchurian Candidate, The",1267
Pump Up the Volume,1268
Arsenic and Old Lace,1269
Back to the Future,1270
Fried Green Tomatoes,1271
Patton,1272
Down by Law,1273
Akira,1274
Highlander,1275
Cool Hand Luke,1276
Cyrano de Bergerac,1277
Young Frankenstein,1278
Night on Earth,1279
Raise the Red Lantern,1280
"Great Dictator, The",1281
Fantasia,1282
High Noon,1283
"Big Sleep, The",1284
Heathers,1285
Somewhere in Time,1286
Ben-Hur,1287
This Is Spinal Tap,1288
Koyaanisqatsi,1289
Some Kind of Wonderful,1290
Indiana Jones and the Last Crusade,1291
Being There,1292
Gandhi,1293
"Unbearable Lightness of Being, The",1295
"Room with a View, A",1296
Real Genius,1297
Pink Floyd: The Wall,1298
"Killing Fields, The",1299
My Life as a Dog,1300
Forbidden Planet,1301
Field of Dreams,1302
"Man Who Would Be King, The",1303
Butch Cassidy and the Sundance Kid,1304
"Paris, Texas",1305
Until the End of the World,1306
When Harry Met Sally...,1307
I Shot a Man in Vegas,1308
Parallel Sons,1309
Hype!,1310
Santa with Muscles,1311
Female Perversions,1312
Mad Dog Time,1313
Breathing Room,1314
Paris Was a Woman,1315
Anna,1316
I'm Not Rappaport,1317
Blue Juice,1318
Kids of Survival,1319
Alien³,1320
"American Werewolf in London, An",1321
Amityville 1992: It's About Time,1322
Amityville 3-D,1323
Amityville: Dollhouse,1324
Amityville: A New Generation,1325
Amityville II: The Possession,1326
"Amityville Horror, The",1327
"Amityville Curse, The",1328
Blood for Dracula,1329
April Fool's Day,1330
Audrey Rose,1331
"Believers, The",1332
"Birds, The",1333
"Blob, The",1334
Blood Beach,1335
Body Parts,1336
"Body Snatcher, The",1337
Dracula,1339
"Bride of Frankenstein, The",1340
Burnt Offerings,1341
Candyman,1342
Cape Fear,1343
Cape Fear,1344
Carrie,1345
Cat People,1346
"Nightmare on Elm Street, A",1347
Nosferatu,1348
Vampire in Venice,1349
"Omen, The",1350
Blood and Wine,1351
Albino Alligator,1352
"Mirror Has Two Faces, The",1353
Breaking the Waves,1354
Nightwatch,1355
Star Trek: First Contact,1356
Shine,1357
Sling Blade,1358
Jingle All the Way,1359
Identification of a Woman,1360
Paradise Lost: The Child Murders at Robin Hood Hills,1361
"Preacher's Wife, The",1363
Zero Kelvin,1364
Ridicule,1365
"Crucible, The",1366
101 Dalmatians,1367
"Forbidden Christ, The",1368
I Can't Sleep,1369
Die Hard 2,1370
Star Trek: The Motion Picture,1371
Star Trek VI: The Undiscovered Country,1372
Star Trek V: The Final Frontier,1373
Star Trek II: The Wrath of Khan,1374
Star Trek III: The Search for Spock,1375
Star Trek IV: The Voyage Home,1376
Batman Returns,1377
Young Guns,1378
Young Guns II,1379
Grease,1380
Grease 2,1381
Marked for Death,1382
Adrenalin: Fear the Rush,1383
"Substance of Fire, The",1384
Under Siege,1385
Terror in a Texas Town,1386
Jaws,1387
Jaws 2,1388
Jaws 3-D,1389
My Fellow Americans,1390
Mars Attacks!,1391
Citizen Ruth,1392
Jerry Maguire,1393
Raising Arizona,1394
Tin Men,1395
Sneakers,1396
Bastard Out of Carolina,1397
In Love and War,1398
Marvin's Room,1399
Somebody is Waiting,1400
Ghosts of Mississippi,1401
Night Falls on Manhattan,1404
Beavis and Butt-Head Do America,1405
La Cérémonie,1406
Scream,1407
"Last of the Mohicans, The",1408
Michael,1409
"Evening Star, The",1410
Hamlet,1411
Some Mother's Son,1412
"Whole Wide World, The",1413
Mother,1414
Thieves,1415
Evita,1416
"Portrait of a Lady, The",1417
Walkabout,1419
Message to Love: The Isle of Wight Festival,1420
Grateful Dead,1421
Murder at 1600,1422
Hearts and Minds,1423
Inside,1424
Fierce Creatures,1425
Zeus and Roxanne,1426
Turbulence,1427
Angel Baby,1428
First Strike,1429
Underworld,1430
Beverly Hills Ninja,1431
Metro,1432
The Machine,1433
"Stranger, The",1434
Falling in Love Again,1436
"Cement Garden, The",1437
Dante's Peak,1438
Meet Wally Sparks,1439
Amos & Andrew,1440
Benny & Joon,1441
Prefontaine,1442
"Tickle in the Heart, A",1443
Guantanamera,1444
McHale's Navy,1445
Kolya,1446
Gridlock'd,1447
Fire on the Mountain,1448
Waiting for Guffman,1449
Prisoner of the Mountains,1450
"Beautician and the Beast, The",1453
SubUrbia,1454
Hotel de Love,1455
"Pest, The",1456
Fools Rush In,1457
Touch,1458
Absolute Power,1459
That Darn Cat,1460
Vegas Vacation,1461
Unforgotten: Twenty-Five Years After Willowbrook,1462
That Old Feeling,1463
Lost Highway,1464
Rosewood,1465
Donnie Brasco,1466
Salut cousin!,1467
Booty Call,1468
Rhyme & Reason,1470
Boys Life 2,1471
City of Industry,1472
Best Men,1473
Jungle2Jungle,1474
Kama Sutra: A Tale of Love,1475
Private Parts,1476
Love Jones,1477
"Saint, The",1479
Smilla's Sense of Snow,1480
"Van, The",1482
Crash,1483
"Daytrippers, The",1484
Liar Liar,1485
"Quiet Room, The",1486
Selena,1487
"Devil's Own, The",1488
Cats Don't Dance,1489
B*A*P*S,1490
Love and Other Catastrophes,1493
Turbo: A Power Rangers Movie,1495
Anna Karenina,1496
Double Team,1497
Inventing the Abbotts,1498
Anaconda,1499
Grosse Pointe Blank,1500
Keys to Tulsa,1501
Kissed,1502
8 Heads in a Duffel Bag,1503
Hollow Reed,1504
Paradise Road,1507
Traveller,1508
All Over Me,1509
"Brother's Kiss, A",1510
"Chef in Love, A",1511
Romy and Michele's High School Reunion,1513
Temptress Moon,1514
Volcano,1515
Children of the Revolution,1516
Austin Powers: International Man of Mystery,1517
Breakdown,1518
Broken English,1519
Commandments,1520
Ripe,1522
"Truth or Consequences, N.M.",1523
"Turning, The",1524
Warriors of Virtue,1525
Fathers' Day,1526
"Fifth Element, The",1527
Intimate Relations,1528
Nowhere,1529
Losing Chase,1531
Sprung,1532
"Promise, The",1533
"Bonheur, Le",1534
Love! Valour! Compassion!,1535
Shall We Dance?,1537
"Second Jungle Book: Mowgli & Baloo, The",1538
Twin Town,1539
Addicted to Love,1541
Brassed Off,1542
"Designated Mourner, The",1543
"Lost World: Jurassic Park, The",1544
Ponette,1545
Schizopolis,1546
Shiloh,1547
"War at Home, The",1548
Rough Magic,1549
Trial and Error,1550
Buddy,1551
Con Air,1552
Late Bloomers,1553
"Pillow Book, The",1554
"To Have, or Not",1555
Speed 2: Cruise Control,1556
Squeeze,1557
Sudden Manhattan,1558
"Next Step, The",1559
Wedding Bell Blues,1561
Batman & Robin,1562
Dream With the Fishes,1563
For Roseanna,1564
Head Above Water,1565
Hercules,1566
The Last Time I Committed Suicide,1567
MURDER and murder,1568
My Best Friend's Wedding,1569
Tetsuo II: Body Hammer,1570
When the Cat's Away,1571
Contempt,1572
Face/Off,1573
Fall,1574
Gabbeh,1575
Mondo,1577
"Innocent Sleep, The",1578
For Ever Mozart,1579
Men in Black,1580
Out to Sea,1581
Wild America,1582
"Simple Wish, A",1583
Contact,1584
Love Serenade,1585
G.I. Jane,1586
Conan the Barbarian,1587
George of the Jungle,1588
Cop Land,1589
Event Horizon,1590
Spawn,1591
Air Bud,1592
Picture Perfect,1593
In the Company of Men,1594
Free Willy 3: The Rescue,1595
Career Girls,1596
Conspiracy Theory,1597
Desperate Measures,1598
Steel,1599
She's So Lovely,1600
Hoodlum,1601
Leave It to Beaver,1602
Mimic,1603
Money Talks,1604
Excess Baggage,1605
Kull the Conqueror,1606
Air Force One,1608
187,1609
"Hunt for Red October, The",1610
My Own Private Idaho,1611
"Kiss Me, Guido",1612
Star Maps,1613
In & Out,1614
"Edge, The",1615
"Peacemaker, The",1616
L.A. Confidential,1617
Seven Years in Tibet,1619
Kiss the Girls,1620
Soul Food,1621
Kicked in the Head,1622
Wishmaster,1623
"Thousand Acres, A",1624
"Game, The",1625
Fire Down Below,1626
U Turn,1627
"Locusts, The",1628
"MatchMaker, The",1629
"Lay of the Land, The",1630
"Assignment, The",1631
"Smile Like Yours, A",1632
Ulee's Gold,1633
"Ice Storm, The",1635
Stag,1636
Chasing Amy,1639
How to Be a Player,1640
"Full Monty, The",1641
Indian Summer,1642
Mrs. Brown,1643
I Know What You Did Last Summer,1644
The Devil's Advocate,1645
RocketMan,1646
Playing God,1647
"House of Yes, The",1648
"Fast, Cheap & Out of Control",1649
Washington Square,1650
Telling Lies in America,1651
Year of the Horse,1652
Gattaca,1653
FairyTale: A True Story,1654
Phantoms,1655
Swept from the Sea,1656
Wonderland,1657
"Life Less Ordinary, A",1658
Hurricane Streets,1659
Eve's Bayou,1660
Switchback,1661
Gang Related,1662
Stripes,1663
Nenette and Boni,1664
Bean,1665
Hugo Pool,1666
Mad City,1667
One Night Stand,1668
"Tango Lesson, The",1669
Welcome to Sarajevo,1670
Deceiver,1671
"Rainmaker, The",1672
Boogie Nights,1673
Witness,1674
Incognito,1675
Starship Troopers,1676
Critical Care,1677
"Joy Luck Club, The",1678
Chairman of the Board,1679
Sliding Doors,1680
Mortal Kombat: Annihilation,1681
"Truman Show, The",1682
